{"filename": "pyntcloud_plot", "camera_position": [94.49874877929688, 6.786617279052734, 0.0], "look_at": [-0.0556148961186409, -0.07752861827611923, -2.0043814182281494], "point_size": 1.127843780517578, "point_opacity": 0.9, "polylines_points": [], "polylines_colors": []}